bookingID,guestName,roomType,checkIn,checkOut,nights,priority
G00001,Saanvi,Suite,2024-09-21,2024-09-27,6,3
G00002,Kushvendra,Suite,2025-03-27,2025-04-06,10,2
G00003,Aditya,Deluxe,2025-12-09,2025-12-10,1,3
G00004,Varun,Standard,2025-12-10,2025-12-12,2,3
G00005,Kavya,Economy,2025-11-24,2025-12-01,7,3
G00006,Maya,Standard,2025-09-02,2025-09-06,4,3
G00007,Vivaan,Suite,2024-12-31,2025-01-10,10,2
G00008,Varun,Suite,2024-02-23,2024-03-02,8,3
G00009,Saanvi,Standard,2025-12-10,2025-12-19,9,1
G00010,Ishaan,Suite,2024-05-31,2024-06-07,7,2
G00011,Manthan,Economy,2025-11-09,2025-11-12,3,1
G00012,Kushvendra,Standard,2025-07-13,2025-07-16,3,3
G00013,Varun,Economy,2025-07-15,2025-07-17,2,3
G00014,Arjun,Deluxe,2024-10-15,2024-10-23,8,3
G00015,Kavya,Standard,2025-04-02,2025-04-07,5,2
G00016,Pranav,Suite,2025-08-20,2025-08-24,4,3
G00017,Aditya,Economy,2025-07-14,2025-07-19,5,2
G00018,Riya,Deluxe,2024-09-25,2024-10-02,7,1
G00019,Riya,Economy,2024-12-10,2024-12-19,9,1
G00020,Kavya,Standard,2024-05-27,2024-06-06,10,3
G00021,Riya,Economy,2025-04-01,2025-04-08,7,2
G00022,Varun,Economy,2025-08-26,2025-09-04,9,2
G00023,Sneha,Standard,2024-10-27,2024-11-01,5,2
G00024,Kavya,Economy,2024-10-28,2024-10-30,2,2
G00025,Aarav,Deluxe,2025-09-17,2025-09-20,3,3
G00026,Sam,Suite,2025-03-01,2025-03-02,1,2
G00027,Maya,Economy,2024-07-05,2024-07-13,8,2
G00028,Vivaan,Suite,2024-09-14,2024-09-21,7,3
G00029,Varun,Deluxe,2024-04-23,2024-04-26,3,3
G00030,Varun,Standard,2024-10-28,2024-11-05,8,2
G00031,Neha,Standard,2025-02-20,2025-02-22,2,3
G00032,Vivaan,Standard,2025-02-23,2025-03-04,9,3
G00033,Arjun,Suite,2025-12-19,2025-12-23,4,3
G00034,Ishaan,Economy,2024-01-29,2024-02-05,7,2
G00035,Kavya,Deluxe,2024-11-19,2024-11-23,4,2
G00036,Ishaan,Suite,2025-12-24,2025-12-27,3,2
G00037,Pranav,Suite,2024-09-11,2024-09-12,1,2
G00038,Rohit,Suite,2025-10-28,2025-11-05,8,1
G00039,Neha,Suite,2024-10-18,2024-10-23,5,2
G00040,Manthan,Economy,2024-07-11,2024-07-13,2,3
G00041,Aditya,Suite,2025-10-02,2025-10-04,2,2
G00042,Aarav,Economy,2025-07-11,2025-07-14,3,2
G00043,Sneha,Deluxe,2025-02-08,2025-02-15,7,1
G00044,Pranav,Standard,2025-09-29,2025-10-08,9,2
G00045,Ayush,Economy,2024-08-25,2024-08-31,6,2
G00046,Pranav,Deluxe,2025-06-19,2025-06-20,1,2
G00047,Aditi,Suite,2024-12-12,2024-12-15,3,1
G00048,Riya,Economy,2025-03-19,2025-03-29,10,1
G00049,Kushvendra,Standard,2025-02-03,2025-02-13,10,3
G00050,Maya,Standard,2024-06-28,2024-07-07,9,2
G00051,Riya,Standard,2025-04-04,2025-04-05,1,2
G00052,Ishaan,Suite,2024-03-22,2024-03-26,4,3
G00053,Riya,Economy,2024-04-03,2024-04-06,3,2
G00054,Riya,Deluxe,2024-07-31,2024-08-07,7,3
G00055,Varun,Economy,2024-10-27,2024-10-30,3,3
G00056,Sneha,Economy,2024-05-19,2024-05-26,7,3
G00057,Kushvendra,Suite,2025-04-27,2025-04-30,3,2
G00058,Ayush,Deluxe,2024-09-06,2024-09-09,3,1
G00059,Sneha,Economy,2025-07-28,2025-08-01,4,3
G00060,Rohit,Deluxe,2024-01-08,2024-01-15,7,2
G00061,Aditi,Suite,2024-08-15,2024-08-20,5,2
G00062,Manthan,Standard,2025-05-06,2025-05-10,4,2
G00063,Neha,Suite,2024-07-16,2024-07-19,3,3
G00064,Rohit,Economy,2025-10-21,2025-10-22,1,1
G00065,Kushvendra,Suite,2024-12-13,2024-12-22,9,2
G00066,Sam,Economy,2024-08-11,2024-08-12,1,3
G00067,Rohit,Suite,2025-10-13,2025-10-16,3,2
G00068,Manthan,Economy,2024-01-24,2024-01-29,5,3
G00069,Kavya,Deluxe,2024-06-05,2024-06-11,6,2
G00070,Pranav,Economy,2025-06-17,2025-06-27,10,3
G00071,Ananya,Economy,2025-04-14,2025-04-15,1,2
G00072,Aditya,Economy,2025-05-03,2025-05-12,9,2
G00073,Vivaan,Standard,2025-08-20,2025-08-27,7,2
G00074,Pranav,Economy,2025-10-22,2025-10-30,8,2
G00075,Ayush,Standard,2025-01-24,2025-02-03,10,1
G00076,Kavya,Standard,2025-11-18,2025-11-25,7,2
G00077,Ananya,Suite,2024-07-10,2024-07-13,3,2
G00078,Vivaan,Suite,2024-10-17,2024-10-26,9,2
G00079,Manthan,Economy,2025-12-07,2025-12-15,8,1
G00080,Neha,Suite,2024-09-01,2024-09-11,10,2
G00081,Kushvendra,Standard,2024-06-12,2024-06-19,7,2
G00082,Sneha,Economy,2024-01-25,2024-02-03,9,2
G00083,Saanvi,Deluxe,2024-03-28,2024-03-31,3,3
G00084,Ishaan,Suite,2024-09-07,2024-09-17,10,2
G00085,Aditya,Suite,2025-05-31,2025-06-08,8,1
G00086,Ayush,Suite,2025-07-11,2025-07-15,4,2
G00087,Neha,Deluxe,2024-11-24,2024-12-03,9,3
G00088,Vivaan,Deluxe,2025-07-07,2025-07-08,1,3
G00089,Manthan,Suite,2024-07-30,2024-08-07,8,2
G00090,Saanvi,Standard,2025-02-17,2025-02-25,8,1
G00091,Rohit,Economy,2024-06-18,2024-06-27,9,3
G00092,Vivaan,Standard,2025-01-25,2025-01-31,6,2
G00093,Maya,Standard,2025-04-18,2025-04-28,10,2
G00094,Pranav,Standard,2025-05-21,2025-05-27,6,2
G00095,Maya,Standard,2025-01-11,2025-01-12,1,3
G00096,Kushvendra,Suite,2025-12-05,2025-12-12,7,2
G00097,Vivaan,Economy,2024-04-27,2024-05-02,5,2
G00098,Pranav,Deluxe,2025-07-26,2025-07-30,4,2
G00099,Riya,Standard,2024-05-14,2024-05-20,6,2
G00100,Ishaan,Economy,2025-11-15,2025-11-24,9,2
G00101,Varun,Suite,2024-03-17,2024-03-24,7,2
G00102,Aditya,Deluxe,2025-09-16,2025-09-19,3,1
G00103,Manthan,Economy,2024-10-29,2024-11-03,5,2
G00104,Ishaan,Suite,2024-02-11,2024-02-14,3,2
G00105,Ayush,Standard,2025-04-19,2025-04-23,4,1
G00106,Aditi,Suite,2024-11-03,2024-11-04,1,2
G00107,Manthan,Suite,2024-06-25,2024-06-27,2,3
G00108,Pranav,Standard,2024-01-10,2024-01-13,3,2
G00109,Neha,Suite,2024-10-23,2024-10-24,1,2
G00110,Vivaan,Suite,2024-03-31,2024-04-09,9,3
G00111,Manthan,Suite,2024-12-28,2025-01-05,8,2
G00112,Sam,Deluxe,2025-12-25,2025-12-26,1,2
G00113,Sneha,Standard,2024-03-31,2024-04-03,3,3
G00114,Ananya,Suite,2024-11-28,2024-12-03,5,2
G00115,Vivaan,Deluxe,2024-04-26,2024-04-30,4,3
G00116,Ananya,Standard,2025-05-29,2025-06-04,6,2
G00117,Saanvi,Suite,2025-09-07,2025-09-17,10,2
G00118,Riya,Economy,2025-03-13,2025-03-22,9,2
G00119,Riya,Economy,2024-09-01,2024-09-06,5,3
G00120,Aditya,Deluxe,2024-06-03,2024-06-04,1,3
G00121,Maya,Deluxe,2025-12-13,2025-12-17,4,2
G00122,Ananya,Deluxe,2024-04-04,2024-04-09,5,2
G00123,Pranav,Deluxe,2024-06-15,2024-06-25,10,2
G00124,Maya,Deluxe,2025-07-23,2025-08-01,9,2
G00125,Vivaan,Economy,2025-11-24,2025-12-01,7,2
G00126,Manthan,Suite,2024-07-11,2024-07-13,2,3
G00127,Aditya,Deluxe,2025-06-09,2025-06-12,3,1
G00128,Saanvi,Suite,2024-11-24,2024-12-01,7,3
G00129,Saanvi,Deluxe,2025-03-28,2025-03-31,3,2
G00130,Neha,Economy,2025-05-15,2025-05-16,1,3
G00131,Vivaan,Economy,2024-03-28,2024-03-29,1,3
G00132,Saanvi,Deluxe,2025-09-25,2025-09-27,2,3
G00133,Sneha,Standard,2024-02-06,2024-02-12,6,3
G00134,Aarav,Deluxe,2024-09-01,2024-09-05,4,3
G00135,Aarav,Suite,2024-10-05,2024-10-10,5,2
G00136,Neha,Deluxe,2025-05-19,2025-05-21,2,2
G00137,Varun,Economy,2025-02-04,2025-02-10,6,1
G00138,Sneha,Economy,2024-12-21,2024-12-24,3,2
G00139,Rohit,Suite,2024-08-19,2024-08-21,2,3
G00140,Saanvi,Deluxe,2025-02-07,2025-02-08,1,3
G00141,Sneha,Deluxe,2024-04-05,2024-04-06,1,2
G00142,Rohit,Deluxe,2024-07-11,2024-07-21,10,2
G00143,Saanvi,Deluxe,2025-03-10,2025-03-17,7,3
G00144,Aarav,Deluxe,2024-12-19,2024-12-29,10,2
G00145,Ayush,Economy,2025-02-10,2025-02-20,10,2
G00146,Arjun,Suite,2024-08-11,2024-08-19,8,1
G00147,Sneha,Deluxe,2025-11-28,2025-12-04,6,2
G00148,Aarav,Deluxe,2025-08-16,2025-08-24,8,3
G00149,Vivaan,Standard,2025-11-02,2025-11-03,1,2
G00150,Saanvi,Suite,2024-07-05,2024-07-09,4,2
G00151,Aarav,Economy,2024-12-11,2024-12-20,9,3
G00152,Pranav,Standard,2025-12-13,2025-12-22,9,2
G00153,Aditi,Suite,2025-09-30,2025-10-03,3,2
G00154,Kushvendra,Deluxe,2025-08-14,2025-08-22,8,2
G00155,Varun,Standard,2025-07-08,2025-07-11,3,2
G00156,Aditi,Standard,2024-10-07,2024-10-13,6,2
G00157,Aditya,Suite,2025-09-27,2025-09-29,2,3
G00158,Neha,Deluxe,2024-08-07,2024-08-12,5,2
G00159,Riya,Suite,2025-03-14,2025-03-22,8,2
G00160,Saanvi,Economy,2024-07-19,2024-07-26,7,3
G00161,Saanvi,Suite,2024-09-03,2024-09-12,9,1
G00162,Kavya,Suite,2025-02-25,2025-03-02,5,2
G00163,Varun,Standard,2025-02-27,2025-03-06,7,3
G00164,Kavya,Economy,2025-05-06,2025-05-11,5,1
G00165,Ananya,Economy,2024-03-31,2024-04-03,3,1
G00166,Ananya,Deluxe,2025-04-13,2025-04-19,6,2
G00167,Riya,Economy,2025-05-07,2025-05-14,7,1
G00168,Kavya,Standard,2025-06-09,2025-06-14,5,1
G00169,Aditya,Deluxe,2024-10-02,2024-10-07,5,3
G00170,Manthan,Economy,2024-07-01,2024-07-10,9,2
G00171,Pranav,Suite,2025-12-20,2025-12-27,7,3
G00172,Vivaan,Economy,2025-07-05,2025-07-12,7,2
G00173,Pranav,Economy,2024-02-01,2024-02-05,4,3
G00174,Vivaan,Deluxe,2025-06-12,2025-06-22,10,2
G00175,Aarav,Standard,2024-12-15,2024-12-21,6,3
G00176,Kavya,Economy,2024-12-25,2024-12-30,5,2
G00177,Ayush,Suite,2025-01-23,2025-02-01,9,3
G00178,Ananya,Economy,2025-04-07,2025-04-09,2,3
G00179,Aarav,Suite,2024-10-24,2024-10-29,5,2
G00180,Kushvendra,Standard,2024-12-12,2024-12-22,10,2
G00181,Neha,Economy,2024-01-30,2024-01-31,1,2
G00182,Aarav,Deluxe,2024-04-04,2024-04-14,10,3
G00183,Arjun,Suite,2025-05-23,2025-05-26,3,3
G00184,Varun,Economy,2025-08-24,2025-09-01,8,3
G00185,Arjun,Deluxe,2025-10-29,2025-11-06,8,3
G00186,Saanvi,Economy,2025-06-27,2025-07-01,4,2
G00187,Ishaan,Standard,2025-11-26,2025-12-04,8,1
G00188,Sam,Suite,2024-09-21,2024-09-22,1,3
G00189,Maya,Deluxe,2025-02-20,2025-02-26,6,1
G00190,Aditya,Deluxe,2024-07-12,2024-07-19,7,3
G00191,Kavya,Deluxe,2024-09-03,2024-09-08,5,3
G00192,Kavya,Standard,2024-07-12,2024-07-20,8,3
G00193,Ishaan,Deluxe,2025-12-08,2025-12-15,7,2
G00194,Sneha,Standard,2025-12-30,2026-01-09,10,2
G00195,Aditya,Standard,2024-07-04,2024-07-14,10,3
G00196,Kavya,Standard,2025-09-19,2025-09-26,7,2
G00197,Kushvendra,Standard,2024-05-21,2024-05-23,2,3
G00198,Sneha,Standard,2025-03-21,2025-03-24,3,2
G00199,Riya,Deluxe,2024-01-13,2024-01-15,2,2
G00200,Vivaan,Economy,2024-07-28,2024-08-02,5,2
G00201,Sam,Standard,2025-12-14,2025-12-20,6,2
G00202,Ananya,Standard,2025-11-21,2025-11-23,2,3
G00203,Saanvi,Suite,2024-06-15,2024-06-22,7,2
G00204,Varun,Economy,2024-04-03,2024-04-04,1,1
G00205,Rohit,Deluxe,2025-04-21,2025-04-30,9,3
G00206,Aditya,Suite,2025-11-30,2025-12-10,10,2
G00207,Kushvendra,Economy,2025-02-18,2025-02-20,2,3
G00208,Ananya,Deluxe,2024-10-04,2024-10-14,10,2
G00209,Pranav,Deluxe,2025-12-16,2025-12-21,5,2
G00210,Ananya,Standard,2025-12-31,2026-01-06,6,3
G00211,Aditi,Suite,2025-10-17,2025-10-21,4,2
G00212,Aditi,Economy,2025-12-31,2026-01-06,6,3
G00213,Sneha,Deluxe,2025-11-06,2025-11-10,4,1
G00214,Arjun,Economy,2024-11-29,2024-12-06,7,2
G00215,Rohit,Economy,2024-04-08,2024-04-10,2,2
G00216,Aditi,Suite,2024-03-07,2024-03-16,9,3
G00217,Rohit,Deluxe,2025-11-22,2025-12-01,9,3
G00218,Kavya,Deluxe,2024-01-03,2024-01-11,8,3
G00219,Aditya,Deluxe,2025-03-02,2025-03-04,2,1
G00220,Ayush,Standard,2024-09-17,2024-09-24,7,3
G00221,Vivaan,Deluxe,2025-08-19,2025-08-28,9,2
G00222,Sam,Economy,2025-01-06,2025-01-11,5,2
G00223,Pranav,Economy,2024-08-05,2024-08-14,9,3
G00224,Kushvendra,Suite,2024-09-03,2024-09-11,8,3
G00225,Sneha,Standard,2025-07-26,2025-08-03,8,2
G00226,Ishaan,Economy,2025-07-27,2025-08-05,9,3
G00227,Arjun,Standard,2024-09-05,2024-09-08,3,2
G00228,Aditya,Suite,2024-03-29,2024-04-07,9,3
G00229,Aditi,Suite,2024-06-18,2024-06-25,7,2
G00230,Sam,Deluxe,2025-09-21,2025-09-28,7,2
G00231,Neha,Deluxe,2024-05-31,2024-06-09,9,2
G00232,Saanvi,Suite,2025-08-07,2025-08-13,6,2
G00233,Neha,Standard,2025-02-16,2025-02-25,9,2
G00234,Aditya,Deluxe,2024-01-15,2024-01-19,4,2
G00235,Sneha,Deluxe,2025-08-30,2025-08-31,1,2
G00236,Ananya,Economy,2025-06-16,2025-06-17,1,2
G00237,Varun,Economy,2025-12-31,2026-01-07,7,3
G00238,Sam,Suite,2024-06-17,2024-06-18,1,2
G00239,Ishaan,Suite,2024-10-06,2024-10-15,9,2
G00240,Arjun,Economy,2025-05-18,2025-05-23,5,2
G00241,Neha,Suite,2025-09-22,2025-09-29,7,2
G00242,Sneha,Standard,2025-11-20,2025-11-25,5,3
G00243,Ayush,Standard,2025-03-28,2025-03-31,3,2
G00244,Ayush,Standard,2025-11-24,2025-11-29,5,1
G00245,Maya,Suite,2025-05-29,2025-05-31,2,2
G00246,Sam,Standard,2025-05-25,2025-06-02,8,2
G00247,Aarav,Deluxe,2024-07-17,2024-07-22,5,2
G00248,Arjun,Suite,2024-03-03,2024-03-06,3,2
G00249,Riya,Economy,2025-09-18,2025-09-22,4,1
G00250,Arjun,Economy,2025-11-10,2025-11-15,5,2
G00251,Manthan,Economy,2024-08-16,2024-08-20,4,1
G00252,Ishaan,Economy,2024-09-21,2024-09-22,1,3
G00253,Ananya,Standard,2024-03-29,2024-04-05,7,2
G00254,Arjun,Suite,2024-10-05,2024-10-13,8,2
G00255,Sneha,Standard,2024-05-05,2024-05-08,3,2
G00256,Aditi,Suite,2025-05-08,2025-05-18,10,2
G00257,Aarav,Deluxe,2025-01-01,2025-01-05,4,2
G00258,Neha,Suite,2024-07-17,2024-07-20,3,2
G00259,Ananya,Suite,2024-09-21,2024-09-24,3,2
G00260,Manthan,Economy,2024-06-12,2024-06-21,9,2
G00261,Arjun,Suite,2025-05-24,2025-05-27,3,2
G00262,Sam,Suite,2024-04-14,2024-04-15,1,2
G00263,Ananya,Economy,2025-12-16,2025-12-17,1,1
G00264,Sam,Standard,2024-05-25,2024-05-29,4,2
G00265,Ishaan,Suite,2025-04-01,2025-04-02,1,2
G00266,Saanvi,Suite,2024-07-20,2024-07-22,2,2
G00267,Aditi,Suite,2025-06-30,2025-07-05,5,2
G00268,Vivaan,Suite,2025-01-03,2025-01-11,8,3
G00269,Aarav,Standard,2025-04-20,2025-04-24,4,2
G00270,Sam,Standard,2025-12-04,2025-12-06,2,2
G00271,Neha,Economy,2025-07-07,2025-07-08,1,3
G00272,Ayush,Standard,2025-01-13,2025-01-19,6,2
G00273,Arjun,Deluxe,2025-01-11,2025-01-19,8,2
G00274,Aditi,Suite,2025-04-19,2025-04-29,10,2
G00275,Neha,Standard,2024-01-31,2024-02-06,6,2
G00276,Arjun,Economy,2024-07-21,2024-07-31,10,2
G00277,Varun,Standard,2025-09-23,2025-09-27,4,2
G00278,Arjun,Suite,2025-10-12,2025-10-22,10,1
G00279,Maya,Economy,2025-09-20,2025-09-30,10,2
G00280,Varun,Suite,2025-11-24,2025-11-28,4,1
G00281,Manthan,Deluxe,2024-08-31,2024-09-03,3,1
G00282,Varun,Standard,2025-08-18,2025-08-25,7,3
G00283,Manthan,Deluxe,2025-11-28,2025-11-29,1,2
G00284,Aarav,Economy,2025-03-22,2025-03-29,7,3
G00285,Varun,Economy,2025-10-15,2025-10-16,1,2
G00286,Rohit,Suite,2024-10-31,2024-11-08,8,2
G00287,Vivaan,Standard,2025-08-04,2025-08-14,10,2
G00288,Neha,Suite,2024-05-25,2024-06-03,9,2
G00289,Maya,Deluxe,2024-01-01,2024-01-05,4,2
G00290,Riya,Standard,2024-05-30,2024-06-07,8,2
G00291,Arjun,Deluxe,2024-11-29,2024-12-05,6,2
G00292,Ayush,Suite,2025-11-24,2025-12-02,8,2
G00293,Sam,Economy,2024-08-21,2024-08-31,10,2
G00294,Maya,Standard,2025-09-02,2025-09-07,5,1
G00295,Aditi,Standard,2024-11-24,2024-11-29,5,2
G00296,Neha,Standard,2024-07-22,2024-07-24,2,2
G00297,Varun,Economy,2024-08-10,2024-08-11,1,1
G00298,Vivaan,Deluxe,2025-11-09,2025-11-12,3,3
G00299,Rohit,Suite,2025-01-24,2025-01-31,7,2
G00300,Riya,Standard,2025-02-03,2025-02-11,8,2
G00301,Riya,Suite,2024-07-28,2024-08-02,5,3
G00302,Rohit,Standard,2025-07-31,2025-08-04,4,2
G00303,Vivaan,Economy,2025-11-14,2025-11-21,7,1
G00304,Aditya,Deluxe,2024-02-04,2024-02-14,10,1
G00305,Aditi,Economy,2025-02-09,2025-02-10,1,3
G00306,Saanvi,Suite,2025-02-27,2025-03-04,5,2
G00307,Rohit,Suite,2025-11-11,2025-11-19,8,2
G00308,Maya,Standard,2025-10-07,2025-10-12,5,1
G00309,Neha,Deluxe,2025-09-23,2025-09-24,1,2
G00310,Sneha,Deluxe,2025-02-28,2025-03-05,5,3
G00311,Manthan,Deluxe,2024-01-15,2024-01-20,5,2
G00312,Sneha,Suite,2024-10-05,2024-10-12,7,2
G00313,Sam,Standard,2024-09-18,2024-09-26,8,3
G00314,Ananya,Economy,2025-07-16,2025-07-17,1,3
G00315,Kushvendra,Suite,2025-05-28,2025-06-07,10,1
G00316,Kushvendra,Economy,2025-03-23,2025-03-29,6,3
G00317,Vivaan,Suite,2025-03-29,2025-04-07,9,3
G00318,Pranav,Economy,2025-03-29,2025-03-31,2,2
G00319,Aditi,Suite,2025-03-31,2025-04-05,5,2
G00320,Kavya,Standard,2024-02-14,2024-02-24,10,3
G00321,Varun,Standard,2025-09-25,2025-09-29,4,2
G00322,Ayush,Suite,2024-11-27,2024-11-28,1,2
G00323,Ishaan,Economy,2024-10-14,2024-10-21,7,3
G00324,Riya,Standard,2024-08-15,2024-08-20,5,3
G00325,Ananya,Standard,2024-09-14,2024-09-23,9,2
G00326,Kushvendra,Suite,2024-04-24,2024-04-27,3,3
G00327,Manthan,Economy,2024-02-02,2024-02-06,4,2
G00328,Vivaan,Deluxe,2025-06-17,2025-06-26,9,1
G00329,Kushvendra,Standard,2025-03-05,2025-03-15,10,2
G00330,Neha,Deluxe,2024-11-02,2024-11-12,10,3
G00331,Saanvi,Economy,2025-02-16,2025-02-21,5,2
G00332,Rohit,Economy,2025-08-19,2025-08-21,2,2
G00333,Vivaan,Economy,2024-03-24,2024-03-27,3,2
G00334,Kushvendra,Deluxe,2024-08-31,2024-09-10,10,3
G00335,Ayush,Standard,2024-12-25,2025-01-03,9,3
G00336,Varun,Deluxe,2025-10-15,2025-10-25,10,3
G00337,Ishaan,Deluxe,2024-11-05,2024-11-07,2,2
G00338,Maya,Suite,2024-08-08,2024-08-12,4,2
G00339,Aditi,Economy,2025-11-08,2025-11-15,7,1
G00340,Ananya,Standard,2024-11-19,2024-11-20,1,3
G00341,Aarav,Suite,2025-08-23,2025-08-29,6,3
G00342,Sneha,Suite,2025-06-15,2025-06-16,1,2
G00343,Aarav,Deluxe,2024-07-07,2024-07-12,5,3
G00344,Rohit,Deluxe,2025-07-08,2025-07-10,2,3
G00345,Aditi,Deluxe,2025-01-29,2025-01-31,2,2
G00346,Maya,Deluxe,2024-07-13,2024-07-20,7,2
G00347,Manthan,Deluxe,2024-12-30,2025-01-05,6,2
G00348,Aditya,Suite,2025-08-13,2025-08-20,7,2
G00349,Vivaan,Economy,2025-11-07,2025-11-15,8,1
G00350,Aarav,Deluxe,2025-10-19,2025-10-24,5,2
G00351,Arjun,Suite,2025-12-25,2025-12-28,3,3
G00352,Aditi,Standard,2024-01-18,2024-01-26,8,3
G00353,Aditya,Economy,2024-03-26,2024-03-29,3,3
G00354,Ananya,Suite,2024-05-23,2024-05-25,2,3
G00355,Kavya,Standard,2024-06-16,2024-06-19,3,1
G00356,Kavya,Deluxe,2025-11-12,2025-11-13,1,3
G00357,Saanvi,Economy,2025-11-23,2025-11-25,2,3
G00358,Sneha,Economy,2025-01-06,2025-01-15,9,2
G00359,Ayush,Suite,2025-04-04,2025-04-09,5,2
G00360,Ayush,Economy,2024-04-18,2024-04-20,2,2
G00361,Riya,Economy,2024-05-14,2024-05-15,1,2
G00362,Ishaan,Economy,2025-08-29,2025-09-04,6,3
G00363,Neha,Standard,2025-05-17,2025-05-19,2,2
G00364,Aditya,Economy,2024-02-19,2024-02-21,2,2
G00365,Aditya,Suite,2025-11-15,2025-11-19,4,3
G00366,Maya,Suite,2024-07-19,2024-07-20,1,2
G00367,Manthan,Economy,2025-08-17,2025-08-20,3,1
G00368,Arjun,Suite,2024-04-27,2024-05-02,5,3
G00369,Kushvendra,Economy,2025-07-22,2025-07-31,9,3
G00370,Aditya,Deluxe,2025-08-19,2025-08-26,7,2
G00371,Sam,Economy,2025-07-14,2025-07-15,1,3
G00372,Manthan,Deluxe,2024-12-18,2024-12-21,3,1
G00373,Arjun,Deluxe,2024-08-10,2024-08-17,7,1
G00374,Aditya,Economy,2024-10-07,2024-10-09,2,3
G00375,Aditi,Deluxe,2024-09-16,2024-09-21,5,3
G00376,Neha,Deluxe,2025-07-08,2025-07-10,2,2
G00377,Sneha,Deluxe,2024-09-19,2024-09-20,1,3
G00378,Aditi,Suite,2024-10-06,2024-10-13,7,2
G00379,Kavya,Standard,2025-08-02,2025-08-08,6,1
G00380,Ayush,Deluxe,2025-08-27,2025-09-02,6,3
G00381,Varun,Deluxe,2025-02-27,2025-03-02,3,2
G00382,Rohit,Standard,2024-12-14,2024-12-21,7,2
G00383,Aditi,Suite,2025-12-01,2025-12-11,10,2
G00384,Manthan,Deluxe,2025-05-13,2025-05-18,5,2
G00385,Kavya,Deluxe,2024-11-08,2024-11-11,3,2
G00386,Aarav,Standard,2025-09-27,2025-10-03,6,2
G00387,Rohit,Economy,2024-07-02,2024-07-08,6,3
G00388,Aditi,Standard,2025-04-10,2025-04-17,7,3
G00389,Maya,Deluxe,2025-09-06,2025-09-12,6,2
G00390,Aditya,Economy,2024-10-19,2024-10-27,8,2
G00391,Ayush,Deluxe,2025-04-25,2025-04-30,5,2
G00392,Ayush,Standard,2025-08-19,2025-08-20,1,2
G00393,Ayush,Suite,2025-09-15,2025-09-23,8,3
G00394,Vivaan,Deluxe,2025-02-03,2025-02-10,7,2
G00395,Aditi,Economy,2025-03-21,2025-03-22,1,3
G00396,Pranav,Suite,2024-10-03,2024-10-10,7,3
G00397,Maya,Economy,2025-05-09,2025-05-10,1,2
G00398,Manthan,Economy,2024-06-10,2024-06-18,8,3
G00399,Pranav,Deluxe,2024-06-10,2024-06-12,2,3
G00400,Sneha,Suite,2024-07-30,2024-08-01,2,3
G00401,Arjun,Standard,2024-05-31,2024-06-05,5,2
G00402,Saanvi,Standard,2024-06-04,2024-06-10,6,3
G00403,Ayush,Deluxe,2024-01-01,2024-01-10,9,2
G00404,Varun,Standard,2025-09-06,2025-09-13,7,3
G00405,Rohit,Suite,2024-04-20,2024-04-26,6,3
G00406,Ishaan,Standard,2024-06-02,2024-06-03,1,2
G00407,Ananya,Standard,2024-07-22,2024-07-24,2,2
G00408,Aditya,Standard,2025-01-15,2025-01-22,7,1
G00409,Maya,Suite,2024-10-22,2024-10-25,3,2
G00410,Arjun,Deluxe,2024-01-07,2024-01-17,10,1
G00411,Arjun,Standard,2024-09-21,2024-09-25,4,3
G00412,Kavya,Deluxe,2024-10-14,2024-10-15,1,3
G00413,Aditi,Economy,2025-06-08,2025-06-12,4,2
G00414,Saanvi,Economy,2025-05-08,2025-05-18,10,3
G00415,Arjun,Standard,2024-02-16,2024-02-19,3,1
G00416,Aditya,Economy,2025-06-27,2025-06-30,3,2
G00417,Saanvi,Economy,2025-09-29,2025-10-09,10,3
G00418,Varun,Deluxe,2025-05-29,2025-05-31,2,2
G00419,Ishaan,Economy,2024-06-03,2024-06-08,5,2
G00420,Neha,Standard,2025-04-19,2025-04-28,9,3
G00421,Neha,Suite,2025-11-26,2025-12-02,6,2
G00422,Sneha,Economy,2024-10-16,2024-10-22,6,3
G00423,Neha,Suite,2025-12-20,2025-12-25,5,2
G00424,Aditi,Suite,2024-07-19,2024-07-27,8,3
G00425,Arjun,Standard,2024-11-14,2024-11-19,5,3
G00426,Arjun,Standard,2024-07-26,2024-08-01,6,2
G00427,Rohit,Suite,2025-07-20,2025-07-21,1,2
G00428,Ananya,Standard,2024-12-10,2024-12-16,6,2
G00429,Varun,Suite,2025-06-07,2025-06-15,8,2
G00430,Kavya,Economy,2025-02-10,2025-02-18,8,2
G00431,Ayush,Deluxe,2025-06-29,2025-07-02,3,2
G00432,Sneha,Standard,2024-11-24,2024-12-03,9,2
G00433,Arjun,Deluxe,2025-10-02,2025-10-10,8,2
G00434,Vivaan,Suite,2025-02-03,2025-02-12,9,2
G00435,Saanvi,Deluxe,2025-01-15,2025-01-18,3,2
G00436,Aditya,Deluxe,2025-05-07,2025-05-12,5,3
G00437,Vivaan,Standard,2024-09-26,2024-09-30,4,1
G00438,Aditya,Deluxe,2025-01-31,2025-02-02,2,2
G00439,Pranav,Standard,2024-05-25,2024-06-04,10,3
G00440,Maya,Economy,2024-11-09,2024-11-15,6,3
G00441,Pranav,Standard,2024-07-28,2024-08-01,4,1
G00442,Maya,Economy,2024-04-09,2024-04-11,2,2
G00443,Manthan,Suite,2024-08-20,2024-08-24,4,3
G00444,Sam,Economy,2024-06-17,2024-06-27,10,2
G00445,Maya,Economy,2024-01-30,2024-02-01,2,1
G00446,Ishaan,Suite,2025-10-10,2025-10-15,5,2
G00447,Pranav,Economy,2025-01-08,2025-01-17,9,3
G00448,Aditi,Economy,2025-10-03,2025-10-05,2,3
G00449,Varun,Deluxe,2025-05-02,2025-05-11,9,2
G00450,Arjun,Deluxe,2025-01-10,2025-01-20,10,2
G00451,Sneha,Standard,2024-08-10,2024-08-18,8,2
G00452,Ananya,Suite,2025-05-17,2025-05-22,5,2
G00453,Ishaan,Suite,2024-08-07,2024-08-09,2,2
G00454,Riya,Suite,2025-09-08,2025-09-14,6,2
G00455,Ishaan,Economy,2024-01-15,2024-01-20,5,2
G00456,Aditya,Standard,2025-06-21,2025-06-25,4,3
G00457,Aditi,Economy,2024-11-13,2024-11-21,8,2
G00458,Sneha,Standard,2024-01-07,2024-01-15,8,1
G00459,Ayush,Economy,2025-02-24,2025-03-02,6,2
G00460,Aarav,Economy,2025-01-21,2025-01-24,3,2
G00461,Aditi,Suite,2024-05-03,2024-05-06,3,3
G00462,Aditi,Suite,2024-05-03,2024-05-13,10,3
G00463,Saanvi,Economy,2025-07-04,2025-07-07,3,2
G00464,Kavya,Economy,2024-05-16,2024-05-23,7,2
G00465,Saanvi,Suite,2024-07-21,2024-07-22,1,3
G00466,Manthan,Economy,2025-08-06,2025-08-09,3,2
G00467,Ishaan,Economy,2025-02-14,2025-02-21,7,1
G00468,Kavya,Standard,2024-08-25,2024-08-27,2,2
G00469,Kavya,Standard,2024-07-29,2024-08-04,6,2
G00470,Kavya,Deluxe,2024-04-25,2024-05-04,9,2
G00471,Neha,Standard,2024-04-10,2024-04-13,3,3
G00472,Riya,Deluxe,2024-01-30,2024-02-06,7,3
G00473,Rohit,Deluxe,2025-04-30,2025-05-01,1,2
G00474,Ananya,Economy,2024-09-15,2024-09-24,9,1
G00475,Neha,Standard,2025-08-16,2025-08-22,6,3
G00476,Aditi,Standard,2025-08-09,2025-08-14,5,2
G00477,Maya,Suite,2025-05-26,2025-06-05,10,3
G00478,Aditya,Suite,2025-02-23,2025-02-27,4,3
G00479,Ayush,Standard,2025-08-13,2025-08-21,8,2
G00480,Ayush,Economy,2025-03-13,2025-03-22,9,2
G00481,Sneha,Standard,2025-08-04,2025-08-08,4,2
G00482,Aditi,Economy,2024-03-14,2024-03-18,4,3
G00483,Pranav,Deluxe,2025-05-12,2025-05-17,5,3
G00484,Vivaan,Standard,2024-08-13,2024-08-22,9,1
G00485,Aditi,Standard,2024-07-02,2024-07-09,7,3
G00486,Arjun,Suite,2024-07-24,2024-08-03,10,2
G00487,Sneha,Economy,2024-04-27,2024-05-03,6,3
G00488,Ishaan,Deluxe,2024-03-17,2024-03-19,2,2
G00489,Aditya,Standard,2024-11-11,2024-11-20,9,3
G00490,Pranav,Standard,2024-07-06,2024-07-10,4,2
G00491,Kavya,Economy,2025-09-25,2025-09-28,3,3
G00492,Kavya,Deluxe,2024-03-30,2024-03-31,1,3
G00493,Varun,Economy,2024-04-09,2024-04-16,7,3
G00494,Kavya,Economy,2025-12-21,2025-12-31,10,1
G00495,Maya,Deluxe,2024-12-16,2024-12-24,8,2
G00496,Aarav,Economy,2025-04-10,2025-04-20,10,3
G00497,Ayush,Economy,2025-11-13,2025-11-17,4,2
G00498,Riya,Deluxe,2025-08-21,2025-08-28,7,2
G00499,Riya,Suite,2025-04-14,2025-04-17,3,2
G00500,Ananya,Suite,2024-02-28,2024-03-05,6,2
G00501,Ayush,Economy,2024-06-11,2024-06-16,5,3
G00502,Maya,Economy,2024-04-16,2024-04-22,6,2
G00503,Rohit,Suite,2024-06-09,2024-06-17,8,2
G00504,Aditya,Deluxe,2025-11-28,2025-12-04,6,2
G00505,Maya,Deluxe,2025-04-22,2025-04-30,8,2
G00506,Riya,Economy,2024-01-05,2024-01-15,10,2
G00507,Kushvendra,Economy,2025-06-04,2025-06-13,9,2
G00508,Aditi,Economy,2024-03-05,2024-03-06,1,3
G00509,Varun,Standard,2025-11-20,2025-11-30,10,2
G00510,Manthan,Economy,2025-05-05,2025-05-15,10,2
G00511,Saanvi,Suite,2025-02-24,2025-03-01,5,2
G00512,Sneha,Deluxe,2024-06-21,2024-06-28,7,2
G00513,Sneha,Economy,2025-05-19,2025-05-26,7,3
G00514,Manthan,Economy,2024-09-27,2024-10-03,6,2
G00515,Ayush,Economy,2025-09-25,2025-09-30,5,3
G00516,Kavya,Economy,2024-03-21,2024-03-27,6,2
G00517,Ananya,Standard,2025-03-29,2025-04-03,5,3
G00518,Ishaan,Suite,2024-09-16,2024-09-17,1,3
G00519,Ananya,Economy,2025-05-22,2025-05-25,3,2
G00520,Aarav,Standard,2025-11-26,2025-12-05,9,2
G00521,Kushvendra,Suite,2025-10-19,2025-10-29,10,2
G00522,Aarav,Suite,2025-03-27,2025-04-02,6,2
G00523,Ishaan,Economy,2025-06-21,2025-06-22,1,2
G00524,Aditi,Suite,2024-07-22,2024-07-31,9,2
G00525,Ayush,Suite,2024-07-10,2024-07-20,10,2
G00526,Neha,Economy,2024-11-06,2024-11-15,9,1
G00527,Kavya,Deluxe,2025-05-01,2025-05-05,4,2
G00528,Ishaan,Standard,2024-03-30,2024-04-05,6,1
G00529,Ayush,Suite,2024-06-29,2024-07-04,5,3
G00530,Kushvendra,Deluxe,2024-02-16,2024-02-19,3,2
G00531,Varun,Suite,2025-06-29,2025-07-07,8,2
G00532,Neha,Suite,2024-07-25,2024-07-30,5,3
G00533,Rohit,Standard,2025-10-25,2025-11-01,7,2
G00534,Ayush,Economy,2024-02-08,2024-02-12,4,2
G00535,Arjun,Economy,2024-07-20,2024-07-30,10,2
G00536,Kavya,Deluxe,2024-12-09,2024-12-19,10,2
G00537,Ishaan,Standard,2024-03-12,2024-03-13,1,3
G00538,Aarav,Suite,2025-10-05,2025-10-13,8,2
G00539,Sneha,Deluxe,2025-11-29,2025-12-09,10,2
G00540,Ayush,Standard,2025-06-14,2025-06-19,5,2
G00541,Rohit,Economy,2025-08-02,2025-08-10,8,2
G00542,Saanvi,Suite,2024-01-23,2024-01-30,7,1
G00543,Kavya,Suite,2024-11-25,2024-12-03,8,3
G00544,Manthan,Standard,2025-12-23,2025-12-31,8,2
G00545,Saanvi,Standard,2024-01-24,2024-01-30,6,2
G00546,Riya,Economy,2024-02-02,2024-02-05,3,3
G00547,Aarav,Economy,2025-06-24,2025-07-02,8,2
G00548,Sneha,Deluxe,2025-05-07,2025-05-09,2,2
G00549,Aditi,Deluxe,2024-06-12,2024-06-22,10,2
G00550,Ayush,Deluxe,2024-08-11,2024-08-21,10,2
G00551,Saanvi,Economy,2025-04-17,2025-04-22,5,2
G00552,Sam,Standard,2025-11-19,2025-11-21,2,2
G00553,Saanvi,Suite,2025-05-25,2025-06-01,7,3
G00554,Rohit,Deluxe,2024-12-08,2024-12-17,9,3
G00555,Aarav,Economy,2025-08-15,2025-08-17,2,3
G00556,Ayush,Standard,2024-05-01,2024-05-02,1,3
G00557,Kavya,Deluxe,2025-05-22,2025-05-23,1,3
G00558,Varun,Suite,2025-07-04,2025-07-09,5,2
G00559,Kavya,Suite,2024-01-11,2024-01-15,4,2
G00560,Manthan,Economy,2024-08-06,2024-08-13,7,3
G00561,Kushvendra,Standard,2025-12-07,2025-12-08,1,3
G00562,Kavya,Suite,2025-05-05,2025-05-08,3,2
G00563,Maya,Deluxe,2024-07-12,2024-07-14,2,3
G00564,Aditi,Suite,2025-11-10,2025-11-17,7,3
G00565,Kavya,Suite,2024-03-25,2024-04-01,7,2
G00566,Varun,Standard,2025-10-01,2025-10-10,9,3
G00567,Kavya,Standard,2024-02-12,2024-02-21,9,2
G00568,Sam,Standard,2025-08-24,2025-08-28,4,1
G00569,Riya,Deluxe,2025-04-17,2025-04-23,6,2
G00570,Kushvendra,Suite,2025-03-09,2025-03-19,10,2
G00571,Ishaan,Deluxe,2025-01-05,2025-01-08,3,2
G00572,Ishaan,Suite,2025-09-13,2025-09-23,10,2
G00573,Ayush,Economy,2024-07-19,2024-07-23,4,1
G00574,Maya,Suite,2024-09-08,2024-09-14,6,3
G00575,Ayush,Standard,2024-09-28,2024-09-29,1,3
G00576,Aarav,Economy,2025-09-03,2025-09-13,10,2
G00577,Manthan,Standard,2024-03-02,2024-03-05,3,2
G00578,Saanvi,Suite,2024-01-27,2024-01-29,2,2
G00579,Maya,Standard,2024-08-08,2024-08-10,2,2
G00580,Kushvendra,Deluxe,2024-01-23,2024-01-28,5,2
G00581,Vivaan,Suite,2025-12-17,2025-12-18,1,3
G00582,Ayush,Suite,2024-02-26,2024-03-02,5,2
G00583,Aditya,Deluxe,2025-08-03,2025-08-07,4,3
G00584,Ishaan,Standard,2024-10-31,2024-11-09,9,2
G00585,Rohit,Suite,2025-06-12,2025-06-18,6,2
G00586,Sneha,Economy,2024-07-28,2024-08-07,10,3
G00587,Arjun,Standard,2024-12-03,2024-12-09,6,2
G00588,Aditya,Standard,2024-03-27,2024-04-05,9,2
G00589,Arjun,Suite,2025-06-11,2025-06-14,3,2
G00590,Kavya,Suite,2025-08-23,2025-08-29,6,3
G00591,Aditya,Standard,2024-07-08,2024-07-14,6,2
G00592,Rohit,Economy,2025-06-24,2025-07-03,9,2
G00593,Vivaan,Standard,2024-12-12,2024-12-22,10,1
G00594,Ishaan,Deluxe,2025-08-11,2025-08-18,7,3
G00595,Maya,Standard,2024-11-06,2024-11-11,5,3
G00596,Rohit,Economy,2024-04-15,2024-04-21,6,1
G00597,Pranav,Standard,2025-08-22,2025-08-24,2,3
G00598,Kushvendra,Deluxe,2025-06-06,2025-06-16,10,2
G00599,Kavya,Standard,2025-02-20,2025-02-25,5,1
G00600,Kushvendra,Deluxe,2025-03-30,2025-04-06,7,2
G00601,Manthan,Standard,2024-12-26,2025-01-05,10,2
G00602,Saanvi,Standard,2024-12-06,2024-12-15,9,2
G00603,Ishaan,Suite,2025-11-10,2025-11-13,3,2
G00604,Kushvendra,Standard,2025-04-02,2025-04-10,8,2
G00605,Sneha,Standard,2025-01-16,2025-01-26,10,3
G00606,Manthan,Standard,2025-12-26,2025-12-28,2,2
G00607,Varun,Economy,2024-05-31,2024-06-05,5,3
G00608,Ananya,Economy,2025-09-02,2025-09-10,8,2
G00609,Aarav,Economy,2024-03-04,2024-03-09,5,3
G00610,Manthan,Standard,2025-07-14,2025-07-19,5,2
G00611,Neha,Economy,2024-09-28,2024-09-30,2,2
G00612,Arjun,Suite,2025-11-25,2025-12-05,10,2
G00613,Neha,Economy,2024-04-30,2024-05-03,3,2
G00614,Sam,Suite,2024-12-17,2024-12-18,1,3
G00615,Rohit,Economy,2025-04-02,2025-04-07,5,2
G00616,Aarav,Economy,2024-11-04,2024-11-06,2,3
G00617,Arjun,Economy,2024-05-31,2024-06-08,8,2
G00618,Saanvi,Deluxe,2024-10-16,2024-10-22,6,3
G00619,Saanvi,Standard,2024-04-15,2024-04-23,8,3
G00620,Ishaan,Deluxe,2024-12-13,2024-12-18,5,3
G00621,Kushvendra,Suite,2024-10-23,2024-10-29,6,2
G00622,Kushvendra,Standard,2025-03-21,2025-03-24,3,3
G00623,Neha,Suite,2024-07-27,2024-08-02,6,3
G00624,Sneha,Economy,2025-02-28,2025-03-09,9,1
G00625,Maya,Standard,2024-01-08,2024-01-13,5,3
G00626,Sam,Deluxe,2024-01-31,2024-02-09,9,2
G00627,Ishaan,Standard,2024-07-24,2024-07-26,2,2
G00628,Manthan,Standard,2025-11-27,2025-12-05,8,2
G00629,Riya,Deluxe,2025-10-02,2025-10-12,10,2
G00630,Ananya,Suite,2025-02-04,2025-02-13,9,2
G00631,Ishaan,Suite,2024-03-11,2024-03-18,7,1
G00632,Sam,Standard,2025-10-23,2025-10-24,1,3
G00633,Ishaan,Standard,2025-01-15,2025-01-24,9,2
G00634,Vivaan,Deluxe,2024-04-20,2024-04-26,6,3
G00635,Riya,Deluxe,2024-06-14,2024-06-21,7,2
G00636,Ishaan,Suite,2025-12-03,2025-12-07,4,3
G00637,Sam,Economy,2024-09-05,2024-09-13,8,2
G00638,Riya,Deluxe,2025-11-12,2025-11-16,4,2
G00639,Rohit,Suite,2025-11-01,2025-11-03,2,2
G00640,Maya,Suite,2025-06-24,2025-06-29,5,2
G00641,Rohit,Deluxe,2025-02-26,2025-03-06,8,2
G00642,Ananya,Standard,2024-05-18,2024-05-19,1,2
G00643,Pranav,Deluxe,2024-07-09,2024-07-14,5,2
G00644,Ayush,Economy,2024-10-26,2024-11-03,8,2
G00645,Neha,Standard,2024-10-08,2024-10-09,1,2
G00646,Aditi,Suite,2025-12-01,2025-12-04,3,3
G00647,Maya,Economy,2025-02-20,2025-02-24,4,2
G00648,Kushvendra,Deluxe,2025-11-30,2025-12-09,9,2
G00649,Pranav,Standard,2025-09-16,2025-09-26,10,2
G00650,Ayush,Economy,2025-11-10,2025-11-12,2,2
G00651,Kavya,Economy,2025-09-16,2025-09-20,4,3
G00652,Sam,Standard,2024-09-12,2024-09-14,2,3
G00653,Kushvendra,Economy,2025-02-17,2025-02-22,5,2
G00654,Saanvi,Standard,2024-01-11,2024-01-14,3,2
G00655,Sam,Deluxe,2025-07-22,2025-08-01,10,3
G00656,Kavya,Economy,2025-02-03,2025-02-10,7,2
G00657,Varun,Deluxe,2024-05-04,2024-05-13,9,2
G00658,Arjun,Suite,2024-09-05,2024-09-08,3,2
G00659,Aditi,Economy,2024-05-20,2024-05-23,3,3
G00660,Ananya,Economy,2024-07-31,2024-08-04,4,2
G00661,Aditi,Standard,2024-02-24,2024-03-02,7,2
G00662,Vivaan,Suite,2025-06-11,2025-06-18,7,2
G00663,Pranav,Standard,2025-05-22,2025-05-31,9,2
G00664,Kavya,Standard,2024-12-01,2024-12-11,10,2
G00665,Kushvendra,Economy,2025-11-09,2025-11-16,7,2
G00666,Manthan,Economy,2025-05-29,2025-06-05,7,2
G00667,Aarav,Deluxe,2024-12-27,2025-01-02,6,1
G00668,Arjun,Economy,2025-10-14,2025-10-22,8,2
G00669,Kavya,Standard,2025-09-08,2025-09-13,5,2
G00670,Neha,Suite,2024-06-18,2024-06-26,8,1
G00671,Neha,Deluxe,2024-09-18,2024-09-25,7,2
G00672,Kavya,Standard,2024-06-30,2024-07-01,1,1
G00673,Arjun,Deluxe,2025-12-02,2025-12-11,9,2
G00674,Kavya,Economy,2024-04-12,2024-04-18,6,2
G00675,Ananya,Standard,2024-03-25,2024-04-04,10,1
G00676,Varun,Standard,2025-11-17,2025-11-18,1,3
G00677,Neha,Standard,2025-10-04,2025-10-06,2,2
G00678,Kushvendra,Standard,2024-02-20,2024-02-29,9,1
G00679,Kavya,Suite,2024-07-09,2024-07-12,3,3
G00680,Varun,Economy,2025-03-09,2025-03-16,7,3
G00681,Saanvi,Suite,2025-05-16,2025-05-26,10,2
G00682,Ishaan,Standard,2024-05-11,2024-05-15,4,2
G00683,Aditya,Deluxe,2025-02-15,2025-02-16,1,3
G00684,Varun,Deluxe,2025-05-17,2025-05-18,1,1
G00685,Arjun,Suite,2025-09-09,2025-09-11,2,2
G00686,Manthan,Economy,2025-11-01,2025-11-06,5,2
G00687,Neha,Standard,2025-09-24,2025-10-04,10,1
G00688,Arjun,Economy,2024-01-20,2024-01-23,3,2
G00689,Maya,Economy,2024-04-07,2024-04-09,2,3
G00690,Saanvi,Standard,2025-05-30,2025-06-03,4,1
G00691,Aarav,Economy,2025-05-05,2025-05-11,6,2
G00692,Ishaan,Economy,2024-03-19,2024-03-20,1,2
G00693,Arjun,Suite,2024-04-21,2024-04-28,7,2
G00694,Rohit,Standard,2024-12-13,2024-12-17,4,3
G00695,Aditya,Standard,2025-04-02,2025-04-06,4,3
G00696,Arjun,Deluxe,2024-10-17,2024-10-21,4,1
G00697,Arjun,Economy,2024-10-15,2024-10-19,4,3
G00698,Riya,Economy,2025-03-11,2025-03-18,7,2
G00699,Ishaan,Suite,2024-08-14,2024-08-18,4,2
G00700,Neha,Standard,2024-12-13,2024-12-22,9,1
G00701,Arjun,Standard,2025-04-09,2025-04-15,6,2
G00702,Arjun,Economy,2025-04-12,2025-04-15,3,3
G00703,Ananya,Economy,2025-10-06,2025-10-14,8,3
G00704,Arjun,Economy,2024-11-17,2024-11-19,2,1
G00705,Manthan,Economy,2025-07-17,2025-07-25,8,1
G00706,Sam,Deluxe,2024-11-22,2024-11-30,8,3
G00707,Vivaan,Suite,2024-03-26,2024-04-04,9,1
G00708,Ayush,Economy,2025-12-05,2025-12-15,10,2
G00709,Riya,Suite,2025-01-08,2025-01-12,4,2
G00710,Ananya,Suite,2024-01-18,2024-01-24,6,2
G00711,Pranav,Standard,2024-03-24,2024-03-31,7,2
G00712,Ishaan,Economy,2025-08-18,2025-08-23,5,2
G00713,Aditya,Suite,2024-02-02,2024-02-05,3,2
G00714,Ayush,Standard,2025-02-26,2025-03-07,9,3
G00715,Kushvendra,Deluxe,2025-08-10,2025-08-11,1,2
G00716,Ishaan,Standard,2024-03-11,2024-03-13,2,2
G00717,Pranav,Deluxe,2024-11-19,2024-11-21,2,1
G00718,Ananya,Suite,2024-10-18,2024-10-25,7,3
G00719,Ananya,Suite,2025-03-02,2025-03-06,4,3
G00720,Aarav,Standard,2025-05-08,2025-05-14,6,2
G00721,Saanvi,Economy,2025-12-18,2025-12-19,1,1
G00722,Aditi,Standard,2024-05-02,2024-05-09,7,3
G00723,Kavya,Suite,2025-04-06,2025-04-14,8,1
G00724,Arjun,Deluxe,2025-04-18,2025-04-19,1,3
G00725,Kavya,Economy,2024-03-03,2024-03-05,2,3
G00726,Kushvendra,Suite,2025-07-19,2025-07-23,4,3
G00727,Sam,Economy,2024-04-04,2024-04-12,8,2
G00728,Aditi,Standard,2025-01-24,2025-02-02,9,2
G00729,Ayush,Economy,2025-01-18,2025-01-19,1,2
G00730,Aditya,Economy,2024-08-30,2024-09-09,10,2
G00731,Vivaan,Deluxe,2025-12-03,2025-12-09,6,3
G00732,Sam,Deluxe,2025-01-22,2025-02-01,10,3
G00733,Saanvi,Suite,2025-10-28,2025-10-30,2,2
G00734,Saanvi,Economy,2024-10-21,2024-10-29,8,1
G00735,Maya,Standard,2024-11-03,2024-11-04,1,2
G00736,Pranav,Standard,2024-06-01,2024-06-07,6,2
G00737,Manthan,Economy,2024-01-22,2024-01-30,8,3
G00738,Ayush,Standard,2024-01-07,2024-01-17,10,2
G00739,Riya,Deluxe,2025-04-25,2025-05-04,9,3
G00740,Kushvendra,Economy,2024-05-30,2024-06-02,3,2
G00741,Sam,Suite,2025-02-24,2025-02-25,1,3
G00742,Ayush,Deluxe,2024-05-04,2024-05-13,9,2
G00743,Aarav,Deluxe,2024-01-28,2024-02-07,10,3
G00744,Ananya,Economy,2024-01-04,2024-01-14,10,2
G00745,Sam,Standard,2025-08-08,2025-08-09,1,3
G00746,Vivaan,Economy,2024-02-20,2024-02-21,1,3
G00747,Arjun,Economy,2025-12-07,2025-12-14,7,2
G00748,Varun,Deluxe,2024-12-18,2024-12-27,9,2
G00749,Sneha,Economy,2024-02-20,2024-02-22,2,2
G00750,Sam,Economy,2024-05-17,2024-05-24,7,2
G00751,Aditya,Deluxe,2025-07-30,2025-08-05,6,2
G00752,Maya,Economy,2024-11-09,2024-11-16,7,1
G00753,Sneha,Economy,2024-07-26,2024-08-01,6,3
G00754,Manthan,Economy,2025-12-13,2025-12-23,10,2
G00755,Sam,Suite,2024-06-01,2024-06-02,1,2
G00756,Aditya,Suite,2025-01-12,2025-01-19,7,2
G00757,Sam,Economy,2024-10-16,2024-10-25,9,3
G00758,Maya,Suite,2024-12-26,2024-12-27,1,1
G00759,Manthan,Deluxe,2025-03-10,2025-03-18,8,3
G00760,Varun,Economy,2025-10-16,2025-10-24,8,2
G00761,Aditi,Deluxe,2025-07-18,2025-07-21,3,3
G00762,Sneha,Economy,2024-09-25,2024-10-04,9,2
G00763,Pranav,Economy,2025-04-06,2025-04-16,10,2
G00764,Maya,Standard,2025-11-01,2025-11-10,9,2
G00765,Aditi,Suite,2025-01-16,2025-01-23,7,2
G00766,Sam,Economy,2024-05-07,2024-05-10,3,2
G00767,Ishaan,Deluxe,2025-09-18,2025-09-22,4,1
G00768,Ayush,Standard,2025-03-12,2025-03-22,10,2
G00769,Ayush,Economy,2024-04-24,2024-05-04,10,1
G00770,Neha,Suite,2024-08-03,2024-08-09,6,2
G00771,Ishaan,Suite,2025-10-04,2025-10-06,2,2
G00772,Aditi,Economy,2025-07-24,2025-07-28,4,1
G00773,Ayush,Suite,2025-06-11,2025-06-19,8,2
G00774,Ananya,Standard,2024-12-05,2024-12-08,3,2
G00775,Riya,Deluxe,2024-05-19,2024-05-29,10,2
G00776,Aditi,Economy,2024-09-16,2024-09-24,8,2
G00777,Aditya,Suite,2025-07-25,2025-07-28,3,2
G00778,Sam,Suite,2024-10-24,2024-10-30,6,2
G00779,Ananya,Suite,2024-05-10,2024-05-13,3,2
G00780,Vivaan,Economy,2025-10-22,2025-10-30,8,2
G00781,Kushvendra,Deluxe,2024-09-07,2024-09-17,10,2
G00782,Rohit,Standard,2025-10-21,2025-10-22,1,2
G00783,Sneha,Economy,2025-05-09,2025-05-19,10,1
G00784,Pranav,Suite,2024-03-16,2024-03-19,3,2
G00785,Saanvi,Standard,2025-10-18,2025-10-24,6,2
G00786,Ananya,Deluxe,2024-03-11,2024-03-17,6,2
G00787,Ishaan,Suite,2025-04-15,2025-04-18,3,1
G00788,Kavya,Deluxe,2024-07-11,2024-07-18,7,2
G00789,Manthan,Economy,2025-10-21,2025-10-27,6,3
G00790,Riya,Standard,2024-07-20,2024-07-24,4,2
G00791,Neha,Economy,2025-04-16,2025-04-17,1,3
G00792,Aditi,Standard,2024-11-28,2024-11-29,1,2
G00793,Kavya,Suite,2025-08-16,2025-08-21,5,2
G00794,Aditya,Deluxe,2024-03-10,2024-03-11,1,2
G00795,Sneha,Economy,2024-09-23,2024-10-03,10,2
G00796,Kavya,Suite,2024-04-27,2024-04-28,1,2
G00797,Varun,Deluxe,2025-06-01,2025-06-10,9,3
G00798,Maya,Economy,2025-09-17,2025-09-27,10,2
G00799,Saanvi,Suite,2025-10-04,2025-10-14,10,2
G00800,Rohit,Standard,2024-08-03,2024-08-12,9,2
G00801,Varun,Deluxe,2024-04-13,2024-04-15,2,2
G00802,Sneha,Deluxe,2024-07-12,2024-07-17,5,2
G00803,Ayush,Deluxe,2025-10-20,2025-10-22,2,3
G00804,Neha,Standard,2025-12-04,2025-12-07,3,2
G00805,Pranav,Standard,2024-11-27,2024-12-02,5,2
G00806,Riya,Deluxe,2024-07-01,2024-07-03,2,3
G00807,Kushvendra,Standard,2025-02-02,2025-02-12,10,3
G00808,Riya,Suite,2025-11-10,2025-11-14,4,2
G00809,Aarav,Economy,2024-03-26,2024-04-03,8,2
G00810,Pranav,Suite,2024-10-09,2024-10-16,7,2
G00811,Ishaan,Standard,2024-09-22,2024-09-30,8,2
G00812,Ishaan,Economy,2024-02-21,2024-02-25,4,3
G00813,Varun,Deluxe,2024-02-22,2024-03-01,8,2
G00814,Manthan,Deluxe,2025-02-04,2025-02-08,4,2
G00815,Vivaan,Standard,2025-10-09,2025-10-11,2,3
G00816,Aarav,Suite,2024-06-18,2024-06-23,5,2
G00817,Sneha,Standard,2025-02-12,2025-02-14,2,2
G00818,Ishaan,Standard,2025-03-22,2025-03-27,5,2
G00819,Vivaan,Standard,2024-10-03,2024-10-05,2,2
G00820,Saanvi,Economy,2025-02-05,2025-02-11,6,3
G00821,Aarav,Suite,2025-06-14,2025-06-20,6,3
G00822,Maya,Deluxe,2024-12-02,2024-12-09,7,2
G00823,Kushvendra,Deluxe,2025-03-25,2025-04-04,10,1
G00824,Manthan,Economy,2025-07-15,2025-07-18,3,2
G00825,Kushvendra,Suite,2024-11-07,2024-11-17,10,2
G00826,Vivaan,Deluxe,2025-10-20,2025-10-22,2,2
G00827,Riya,Standard,2025-05-30,2025-06-01,2,2
G00828,Pranav,Deluxe,2024-03-27,2024-03-31,4,3
G00829,Manthan,Economy,2025-08-14,2025-08-24,10,2
G00830,Aditya,Standard,2024-06-21,2024-06-28,7,2
G00831,Aarav,Deluxe,2024-06-15,2024-06-16,1,2
G00832,Pranav,Deluxe,2024-06-04,2024-06-05,1,2
G00833,Varun,Standard,2025-12-19,2025-12-24,5,2
G00834,Varun,Economy,2025-02-16,2025-02-22,6,2
G00835,Aditi,Deluxe,2025-12-08,2025-12-17,9,2
G00836,Riya,Deluxe,2024-09-10,2024-09-17,7,2
G00837,Kushvendra,Deluxe,2025-03-02,2025-03-07,5,3
G00838,Sam,Deluxe,2024-11-16,2024-11-20,4,3
G00839,Aditya,Deluxe,2024-04-07,2024-04-09,2,2
G00840,Varun,Standard,2024-05-20,2024-05-24,4,2
G00841,Ayush,Suite,2024-08-29,2024-09-03,5,2
G00842,Kavya,Deluxe,2024-05-08,2024-05-11,3,3
G00843,Kavya,Economy,2024-06-27,2024-07-04,7,2
G00844,Vivaan,Suite,2024-06-10,2024-06-11,1,3
G00845,Kushvendra,Suite,2024-09-16,2024-09-19,3,2
G00846,Neha,Economy,2024-02-10,2024-02-18,8,2
G00847,Aarav,Standard,2024-05-17,2024-05-27,10,3
G00848,Saanvi,Economy,2025-10-17,2025-10-24,7,3
G00849,Sneha,Standard,2024-02-23,2024-03-03,9,3
G00850,Sneha,Economy,2024-05-17,2024-05-19,2,1
G00851,Kushvendra,Suite,2024-10-26,2024-10-27,1,1
G00852,Saanvi,Deluxe,2025-01-14,2025-01-16,2,1
G00853,Maya,Economy,2024-05-28,2024-06-02,5,3
G00854,Arjun,Standard,2024-10-10,2024-10-13,3,2
G00855,Pranav,Deluxe,2025-03-23,2025-04-01,9,2
G00856,Saanvi,Suite,2025-05-12,2025-05-19,7,3
G00857,Ananya,Standard,2025-12-17,2025-12-20,3,2
G00858,Aditya,Suite,2025-06-07,2025-06-17,10,2
G00859,Ayush,Suite,2025-11-17,2025-11-20,3,3
G00860,Rohit,Economy,2025-06-12,2025-06-13,1,2
G00861,Ishaan,Standard,2024-07-03,2024-07-07,4,2
G00862,Rohit,Suite,2024-03-21,2024-03-30,9,2
G00863,Manthan,Suite,2024-03-13,2024-03-15,2,3
G00864,Sam,Suite,2025-11-21,2025-11-23,2,2
G00865,Kushvendra,Suite,2024-11-15,2024-11-23,8,3
G00866,Manthan,Deluxe,2025-04-25,2025-04-26,1,2
G00867,Manthan,Deluxe,2025-07-25,2025-08-03,9,3
G00868,Pranav,Standard,2025-11-05,2025-11-15,10,2
G00869,Ayush,Suite,2024-12-20,2024-12-28,8,2
G00870,Neha,Economy,2024-05-08,2024-05-10,2,2
G00871,Aarav,Standard,2025-08-15,2025-08-21,6,1
G00872,Kavya,Standard,2025-01-02,2025-01-07,5,3
G00873,Riya,Standard,2025-08-19,2025-08-25,6,2
G00874,Saanvi,Suite,2025-12-25,2025-12-26,1,3
G00875,Maya,Deluxe,2024-12-25,2024-12-30,5,1
G00876,Neha,Suite,2025-11-06,2025-11-12,6,2
G00877,Aditya,Deluxe,2025-09-02,2025-09-09,7,2
G00878,Kushvendra,Deluxe,2025-11-19,2025-11-23,4,3
G00879,Neha,Suite,2025-02-15,2025-02-21,6,3
G00880,Aarav,Standard,2024-02-01,2024-02-06,5,1
G00881,Ananya,Economy,2024-05-25,2024-05-28,3,2
G00882,Arjun,Economy,2025-12-19,2025-12-27,8,3
G00883,Rohit,Deluxe,2025-12-27,2025-12-31,4,3
G00884,Riya,Suite,2025-10-10,2025-10-19,9,2
G00885,Varun,Deluxe,2025-03-27,2025-03-29,2,3
G00886,Varun,Suite,2024-12-27,2025-01-01,5,2
G00887,Kushvendra,Suite,2024-05-02,2024-05-04,2,3
G00888,Rohit,Standard,2025-08-18,2025-08-25,7,2
G00889,Sneha,Suite,2024-03-13,2024-03-15,2,2
G00890,Saanvi,Suite,2024-04-17,2024-04-18,1,3
G00891,Varun,Economy,2024-06-14,2024-06-18,4,1
G00892,Neha,Standard,2025-08-18,2025-08-23,5,2
G00893,Aarav,Deluxe,2024-08-28,2024-09-06,9,1
G00894,Aarav,Suite,2025-12-22,2025-12-29,7,2
G00895,Manthan,Deluxe,2025-11-24,2025-11-25,1,3
G00896,Arjun,Deluxe,2025-05-27,2025-05-30,3,2
G00897,Kavya,Deluxe,2025-07-11,2025-07-13,2,2
G00898,Arjun,Standard,2025-03-08,2025-03-10,2,2
G00899,Aditi,Economy,2025-06-29,2025-07-07,8,2
G00900,Saanvi,Suite,2024-03-06,2024-03-11,5,2
G00901,Sam,Economy,2024-01-12,2024-01-16,4,2
G00902,Aarav,Standard,2024-07-11,2024-07-16,5,2
G00903,Kavya,Suite,2024-07-28,2024-08-02,5,2
G00904,Aditya,Deluxe,2025-02-25,2025-03-03,6,1
G00905,Ishaan,Deluxe,2024-10-28,2024-11-04,7,1
G00906,Aarav,Standard,2024-04-23,2024-04-27,4,2
G00907,Kushvendra,Standard,2024-12-07,2024-12-15,8,2
G00908,Arjun,Deluxe,2025-04-28,2025-05-01,3,2
G00909,Arjun,Suite,2025-09-03,2025-09-09,6,2
G00910,Rohit,Suite,2025-11-03,2025-11-05,2,2
G00911,Vivaan,Economy,2025-07-21,2025-07-29,8,2
G00912,Sneha,Economy,2025-01-14,2025-01-16,2,2
G00913,Sneha,Economy,2025-11-03,2025-11-05,2,2
G00914,Saanvi,Deluxe,2025-06-29,2025-07-09,10,2
G00915,Rohit,Suite,2024-02-12,2024-02-17,5,2
G00916,Ananya,Deluxe,2024-10-08,2024-10-14,6,2
G00917,Kavya,Standard,2024-12-15,2024-12-24,9,2
G00918,Varun,Deluxe,2025-10-22,2025-10-30,8,3
G00919,Ananya,Standard,2024-04-26,2024-05-05,9,2
G00920,Aarav,Economy,2025-08-15,2025-08-22,7,3
G00921,Ishaan,Suite,2025-10-03,2025-10-05,2,2
G00922,Sneha,Standard,2025-06-06,2025-06-12,6,2
G00923,Sam,Deluxe,2025-07-06,2025-07-12,6,2
G00924,Ayush,Suite,2024-02-03,2024-02-09,6,3
G00925,Pranav,Suite,2024-08-29,2024-09-08,10,2
G00926,Vivaan,Standard,2024-09-14,2024-09-15,1,3
G00927,Ananya,Standard,2025-03-06,2025-03-14,8,1
G00928,Ishaan,Economy,2025-10-12,2025-10-14,2,3
G00929,Saanvi,Economy,2025-07-26,2025-07-31,5,2
G00930,Manthan,Standard,2025-11-29,2025-12-05,6,3
G00931,Ananya,Standard,2024-09-30,2024-10-05,5,3
G00932,Ishaan,Economy,2025-06-12,2025-06-22,10,2
G00933,Rohit,Economy,2025-12-16,2025-12-25,9,3
G00934,Aditi,Suite,2025-10-21,2025-10-24,3,3
G00935,Aditya,Deluxe,2024-02-09,2024-02-17,8,3
G00936,Aarav,Standard,2024-01-23,2024-02-02,10,2
G00937,Vivaan,Deluxe,2024-06-26,2024-07-01,5,2
G00938,Rohit,Standard,2025-11-15,2025-11-23,8,2
G00939,Aarav,Standard,2024-04-07,2024-04-08,1,3
G00940,Pranav,Economy,2025-02-22,2025-03-02,8,1
G00941,Neha,Standard,2024-10-06,2024-10-09,3,3
G00942,Arjun,Standard,2024-11-03,2024-11-11,8,1
G00943,Kavya,Economy,2025-04-26,2025-04-28,2,2
G00944,Aarav,Deluxe,2025-05-29,2025-06-06,8,2
G00945,Aarav,Suite,2024-09-05,2024-09-08,3,2
G00946,Ishaan,Standard,2025-11-06,2025-11-11,5,2
G00947,Aarav,Economy,2024-09-07,2024-09-10,3,2
G00948,Ayush,Economy,2025-06-26,2025-07-06,10,3
G00949,Sneha,Standard,2025-09-07,2025-09-08,1,3
G00950,Ishaan,Standard,2024-08-21,2024-08-30,9,3
G00951,Rohit,Economy,2025-10-01,2025-10-11,10,3
G00952,Varun,Suite,2024-09-24,2024-10-01,7,3
G00953,Riya,Standard,2025-04-23,2025-04-24,1,2
G00954,Varun,Deluxe,2024-04-17,2024-04-21,4,1
G00955,Varun,Economy,2024-10-22,2024-10-26,4,2
G00956,Vivaan,Standard,2024-12-31,2025-01-07,7,3
G00957,Aditya,Deluxe,2024-06-19,2024-06-27,8,2
G00958,Vivaan,Economy,2024-02-28,2024-02-29,1,2
G00959,Ananya,Economy,2024-10-04,2024-10-08,4,3
G00960,Arjun,Standard,2025-01-25,2025-02-02,8,2
G00961,Kushvendra,Suite,2025-01-24,2025-01-27,3,2
G00962,Arjun,Suite,2024-05-06,2024-05-08,2,3
G00963,Kavya,Deluxe,2025-10-14,2025-10-16,2,2
G00964,Aarav,Suite,2024-01-29,2024-02-05,7,1
G00965,Aditya,Suite,2025-02-15,2025-02-25,10,2
G00966,Ishaan,Standard,2024-05-11,2024-05-14,3,1
G00967,Pranav,Standard,2024-06-16,2024-06-23,7,3
G00968,Rohit,Suite,2025-01-09,2025-01-13,4,2
G00969,Arjun,Standard,2025-03-10,2025-03-12,2,2
G00970,Neha,Deluxe,2025-12-02,2025-12-08,6,2
G00971,Maya,Standard,2024-10-03,2024-10-06,3,2
G00972,Vivaan,Standard,2024-12-03,2024-12-09,6,2
G00973,Kushvendra,Suite,2025-02-15,2025-02-24,9,2
G00974,Maya,Standard,2024-03-02,2024-03-11,9,2
G00975,Maya,Standard,2024-02-02,2024-02-05,3,3
G00976,Arjun,Suite,2024-12-21,2024-12-30,9,2
G00977,Ananya,Standard,2025-06-07,2025-06-08,1,2
G00978,Kushvendra,Suite,2025-06-04,2025-06-13,9,1
G00979,Aarav,Economy,2024-11-19,2024-11-20,1,3
G00980,Varun,Deluxe,2025-08-22,2025-08-30,8,3
G00981,Manthan,Standard,2024-10-28,2024-10-31,3,2
G00982,Kavya,Economy,2025-05-19,2025-05-27,8,2
G00983,Pranav,Standard,2025-08-02,2025-08-09,7,2
G00984,Sam,Suite,2024-02-04,2024-02-09,5,2
G00985,Ishaan,Deluxe,2025-03-21,2025-03-22,1,2
G00986,Aditi,Suite,2025-02-03,2025-02-08,5,2
G00987,Arjun,Economy,2025-01-07,2025-01-13,6,3
G00988,Sneha,Economy,2025-08-30,2025-09-03,4,3
G00989,Aditi,Standard,2025-10-29,2025-11-03,5,2
G00990,Ayush,Deluxe,2025-08-19,2025-08-21,2,2
G00991,Aarav,Standard,2024-01-25,2024-02-02,8,2
G00992,Manthan,Standard,2024-12-28,2025-01-01,4,2
G00993,Ishaan,Deluxe,2025-03-20,2025-03-21,1,2
G00994,Maya,Suite,2024-05-24,2024-05-29,5,2
G00995,Rohit,Suite,2025-02-10,2025-02-13,3,2
G00996,Aditya,Economy,2024-10-30,2024-11-03,4,2
G00997,Ayush,Deluxe,2024-08-10,2024-08-13,3,2
G00998,Ananya,Standard,2024-09-09,2024-09-19,10,2
G00999,Varun,Standard,2024-09-30,2024-10-03,3,2
G01000,Sam,Standard,2024-06-08,2024-06-12,4,2
